-- phpMyAdmin SQL Dump
-- version 5.2.1
-- https://www.phpmyadmin.net/
--
-- Servidor: 127.0.0.1
-- Tiempo de generación: 23-11-2023 a las 19:27:45
-- Versión del servidor: 10.4.28-MariaDB
-- Versión de PHP: 8.2.4

SET SQL_MODE = "NO_AUTO_VALUE_ON_ZERO";
START TRANSACTION;
SET time_zone = "+00:00";


/*!40101 SET @OLD_CHARACTER_SET_CLIENT=@@CHARACTER_SET_CLIENT */;
/*!40101 SET @OLD_CHARACTER_SET_RESULTS=@@CHARACTER_SET_RESULTS */;
/*!40101 SET @OLD_COLLATION_CONNECTION=@@COLLATION_CONNECTION */;
/*!40101 SET NAMES utf8mb4 */;

--
-- Base de datos: `alquiler`
--

-- --------------------------------------------------------

--
-- Estructura de tabla para la tabla `alquiler`
--

CREATE TABLE `alquiler` (
  `id` int(11) NOT NULL,
  `id_cliente` int(11) NOT NULL,
  `id_vehiculo` int(11) NOT NULL,
  `num_dias` int(11) NOT NULL,
  `precio_dia` decimal(10,2) NOT NULL,
  `abono` decimal(10,2) NOT NULL,
  `fecha_prestamo` date NOT NULL,
  `hora` time NOT NULL,
  `fecha_devolucion` date NOT NULL,
  `id_doc` int(11) NOT NULL,
  `observacion` text DEFAULT NULL,
  `estado` int(11) NOT NULL DEFAULT 1
) ENGINE=InnoDB DEFAULT CHARSET=utf8mb4 COLLATE=utf8mb4_general_ci;

--
-- Volcado de datos para la tabla `alquiler`
--

INSERT INTO `alquiler` (`id`, `id_cliente`, `id_vehiculo`, `num_dias`, `precio_dia`, `abono`, `fecha_prestamo`, `hora`, `fecha_devolucion`, `id_doc`, `observacion`, `estado`) VALUES
(1, 1, 1, 2, 20.00, 10.00, '2021-11-22', '16:32:26', '2021-11-24', 1, '', 0),
(2, 3, 2, 3, 50.00, 60.00, '2021-11-22', '16:44:31', '2021-11-25', 2, '', 1);

-- --------------------------------------------------------

--
-- Estructura de tabla para la tabla `clientes`
--

CREATE TABLE `clientes` (
  `id` int(11) NOT NULL,
  `dni` varchar(10) DEFAULT NULL,
  `nombre` varchar(100) NOT NULL,
  `telefono` varchar(15) NOT NULL,
  `direccion` text NOT NULL,
  `fecha` timestamp NOT NULL DEFAULT current_timestamp() ON UPDATE current_timestamp(),
  `estado` int(11) NOT NULL DEFAULT 1
) ENGINE=InnoDB DEFAULT CHARSET=utf8mb4 COLLATE=utf8mb4_general_ci;

--
-- Volcado de datos para la tabla `clientes`
--

INSERT INTO `clientes` (`id`, `dni`, `nombre`, `telefono`, `direccion`, `fecha`, `estado`) VALUES
(1, '978798789', 'ANGEL SIFUENTES', '97899789', 'LIMA', '2023-11-23 18:11:11', 0),
(2, '123456789', 'VIDA INFORMATICO', '798461378', 'LIMA - PERÚ', '2023-11-23 18:11:07', 0),
(3, '1234567', 'CLIENTE DE PRUEBA', '925491523', 'PERU', '2021-11-22 21:41:44', 1),
(4, '777767877', 'daniel cruz mamani', '998987898', 'PERU', '2023-11-23 18:11:53', 1),
(5, '76564567', 'dani cruz', '998987898', 'PERU', '2023-11-23 18:12:11', 1),
(6, '767676767', 'daniel cruz', '99989968986', 'PERU', '2023-11-23 18:12:29', 1);

-- --------------------------------------------------------

--
-- Estructura de tabla para la tabla `configuracion`
--

CREATE TABLE `configuracion` (
  `id` int(11) NOT NULL,
  `ruc` varchar(20) NOT NULL,
  `nombre` varchar(200) NOT NULL,
  `telefono` varchar(15) NOT NULL,
  `correo` varchar(100) NOT NULL,
  `direccion` varchar(200) NOT NULL,
  `mensaje` text NOT NULL,
  `logo` varchar(10) NOT NULL,
  `moneda` int(11) NOT NULL,
  `impuesto` int(11) NOT NULL,
  `cant_factura` int(11) NOT NULL
) ENGINE=InnoDB DEFAULT CHARSET=utf8mb4 COLLATE=utf8mb4_general_ci;

--
-- Volcado de datos para la tabla `configuracion`
--

INSERT INTO `configuracion` (`id`, `ruc`, `nombre`, `telefono`, `correo`, `direccion`, `mensaje`, `logo`, `moneda`, `impuesto`, `cant_factura`) VALUES
(1, '12345678910', 'Vida Informático', '963852147', 'admin@angelsifuentes.com', 'LIMA PERU', 'GRACIAS POR SU PREFERENCIA', 'logo.png', 1, 18, 1000);

-- --------------------------------------------------------

--
-- Estructura de tabla para la tabla `documentos`
--

CREATE TABLE `documentos` (
  `id` int(11) NOT NULL,
  `documento` varchar(20) NOT NULL,
  `estado` int(11) NOT NULL DEFAULT 1,
  `fecha` timestamp NOT NULL DEFAULT current_timestamp() ON UPDATE current_timestamp()
) ENGINE=InnoDB DEFAULT CHARSET=utf8mb4 COLLATE=utf8mb4_general_ci;

--
-- Volcado de datos para la tabla `documentos`
--

INSERT INTO `documentos` (`id`, `documento`, `estado`, `fecha`) VALUES
(1, 'DNI', 1, '2021-11-11 16:43:11'),
(2, 'PASAPORTE', 1, '2021-11-12 14:02:04');

-- --------------------------------------------------------

--
-- Estructura de tabla para la tabla `marcas`
--

CREATE TABLE `marcas` (
  `id` int(11) NOT NULL,
  `marca` varchar(50) NOT NULL,
  `estado` int(11) NOT NULL DEFAULT 1,
  `fecha` timestamp NOT NULL DEFAULT current_timestamp() ON UPDATE current_timestamp()
) ENGINE=InnoDB DEFAULT CHARSET=utf8mb4 COLLATE=utf8mb4_general_ci;

--
-- Volcado de datos para la tabla `marcas`
--

INSERT INTO `marcas` (`id`, `marca`, `estado`, `fecha`) VALUES
(1, 'FERRARI', 1, '2021-11-11 18:45:57'),
(2, 'HONDA', 1, '2021-11-11 18:46:06'),
(3, 'NISAN', 1, '2021-11-11 18:46:19'),
(4, 'TOYOTA', 1, '2021-11-11 18:46:28'),
(5, 'VOLVO', 1, '2021-11-11 18:46:38'),
(6, 'SUZUKI', 1, '2021-11-11 18:46:53'),
(7, 'MORGAN', 1, '2021-11-11 18:47:22'),
(8, 'TESLA', 1, '2021-11-11 18:47:30');

-- --------------------------------------------------------

--
-- Estructura de tabla para la tabla `moneda`
--

CREATE TABLE `moneda` (
  `id` int(11) NOT NULL,
  `simbolo` varchar(10) NOT NULL,
  `nombre` varchar(100) NOT NULL,
  `fecha` timestamp NOT NULL DEFAULT current_timestamp() ON UPDATE current_timestamp(),
  `estado` int(11) NOT NULL DEFAULT 1
) ENGINE=InnoDB DEFAULT CHARSET=utf8mb4 COLLATE=utf8mb4_general_ci;

--
-- Volcado de datos para la tabla `moneda`
--

INSERT INTO `moneda` (`id`, `simbolo`, `nombre`, `fecha`, `estado`) VALUES
(1, 'PEN', 'NUEVO SOLES', '2021-10-22 16:06:22', 1);

-- --------------------------------------------------------

--
-- Estructura de tabla para la tabla `tipos`
--

CREATE TABLE `tipos` (
  `id` int(11) NOT NULL,
  `tipo` varchar(50) NOT NULL,
  `estado` int(11) NOT NULL DEFAULT 1,
  `fecha` timestamp NOT NULL DEFAULT current_timestamp() ON UPDATE current_timestamp()
) ENGINE=InnoDB DEFAULT CHARSET=utf8mb4 COLLATE=utf8mb4_general_ci;

--
-- Volcado de datos para la tabla `tipos`
--

INSERT INTO `tipos` (`id`, `tipo`, `estado`, `fecha`) VALUES
(1, 'CAMIONETA', 1, '2021-11-11 14:44:50'),
(2, 'MINI BAN', 1, '2021-11-11 14:46:20'),
(3, 'MOTOCICLETA', 1, '2021-11-11 18:48:32'),
(4, 'MOTO CARRO', 1, '2021-11-11 18:48:55'),
(5, 'TURISMO', 1, '2021-11-11 18:49:13'),
(6, 'CAMION', 1, '2021-11-11 18:49:21'),
(7, 'Furgón', 1, '2021-11-11 18:49:54');

-- --------------------------------------------------------

--
-- Estructura de tabla para la tabla `usuarios`
--

CREATE TABLE `usuarios` (
  `id` int(11) NOT NULL,
  `usuario` varchar(20) NOT NULL,
  `nombre` varchar(100) NOT NULL,
  `apellido` varchar(100) DEFAULT NULL,
  `correo` varchar(80) NOT NULL,
  `telefono` varchar(20) DEFAULT NULL,
  `direccion` varchar(100) DEFAULT NULL,
  `perfil` varchar(50) NOT NULL DEFAULT 'avatar.svg',
  `clave` varchar(100) NOT NULL,
  `fecha` timestamp NOT NULL DEFAULT current_timestamp() ON UPDATE current_timestamp(),
  `estado` int(11) NOT NULL DEFAULT 1
) ENGINE=InnoDB DEFAULT CHARSET=utf8mb4 COLLATE=utf8mb4_general_ci;

--
-- Volcado de datos para la tabla `usuarios`
--

INSERT INTO `usuarios` (`id`, `usuario`, `nombre`, `apellido`, `correo`, `telefono`, `direccion`, `perfil`, `clave`, `fecha`, `estado`) VALUES
(1, 'ADMIN', 'DANIEL', 'CRUZ', 'daniel@gmail.com', '1287132', 'PERU', '20231123191723.jpg', '8c6976e5b5410415bde908bd4dee15dfb167a9c873fc4bb8a81f6f2ab448a918', '2023-11-23 18:17:23', 1),
(2, 'ANGEL', 'ANGEL SIFUENTES', '', 'angel@gmail.com', '797987897', '', 'avatar.svg', '519ba91a5a5b4afb9dc66f8805ce8c442b6576316c19c6896af2fa9bda6aff71', '2021-11-12 18:30:22', 1),
(3, 'MARIA', 'MARIA SANCHEZ', NULL, 'maria@gmail.com', '879797977997', NULL, 'avatar.svg', '94aec9fbed989ece189a7e172c9cf41669050495152bc4c1dbf2a38d7fd85627', '2021-12-30 19:00:20', 1);

-- --------------------------------------------------------

--
-- Estructura de tabla para la tabla `vehiculos`
--

CREATE TABLE `vehiculos` (
  `id` int(11) NOT NULL,
  `placa` varchar(50) NOT NULL,
  `id_marca` int(11) NOT NULL,
  `id_tipo` int(11) NOT NULL,
  `modelo` varchar(50) NOT NULL,
  `foto` varchar(50) NOT NULL,
  `estado` int(11) NOT NULL DEFAULT 1,
  `fecha` timestamp NOT NULL DEFAULT current_timestamp() ON UPDATE current_timestamp()
) ENGINE=InnoDB DEFAULT CHARSET=utf8mb4 COLLATE=utf8mb4_general_ci;

--
-- Volcado de datos para la tabla `vehiculos`
--

INSERT INTO `vehiculos` (`id`, `placa`, `id_marca`, `id_tipo`, `modelo`, `foto`, `estado`, `fecha`) VALUES
(1, '79798987', 1, 1, 'X-47', '20211111102853.jpg', 1, '2021-11-22 21:34:40'),
(2, '7987798', 2, 4, '46564CFR', 'default.png', 2, '2021-11-22 21:44:58'),
(3, '78979', 4, 5, 'KI78', 'default.png', 1, '2021-11-22 21:32:18');

--
-- Índices para tablas volcadas
--

--
-- Indices de la tabla `alquiler`
--
ALTER TABLE `alquiler`
  ADD PRIMARY KEY (`id`),
  ADD KEY `id_cliente` (`id_cliente`),
  ADD KEY `id_vehiculo` (`id_vehiculo`),
  ADD KEY `id_doc` (`id_doc`);

--
-- Indices de la tabla `clientes`
--
ALTER TABLE `clientes`
  ADD PRIMARY KEY (`id`);

--
-- Indices de la tabla `configuracion`
--
ALTER TABLE `configuracion`
  ADD PRIMARY KEY (`id`),
  ADD KEY `moneda` (`moneda`);

--
-- Indices de la tabla `documentos`
--
ALTER TABLE `documentos`
  ADD PRIMARY KEY (`id`);

--
-- Indices de la tabla `marcas`
--
ALTER TABLE `marcas`
  ADD PRIMARY KEY (`id`);

--
-- Indices de la tabla `moneda`
--
ALTER TABLE `moneda`
  ADD PRIMARY KEY (`id`);

--
-- Indices de la tabla `tipos`
--
ALTER TABLE `tipos`
  ADD PRIMARY KEY (`id`);

--
-- Indices de la tabla `usuarios`
--
ALTER TABLE `usuarios`
  ADD PRIMARY KEY (`id`);

--
-- Indices de la tabla `vehiculos`
--
ALTER TABLE `vehiculos`
  ADD PRIMARY KEY (`id`),
  ADD KEY `id_marca` (`id_marca`),
  ADD KEY `id_tipo` (`id_tipo`);

--
-- AUTO_INCREMENT de las tablas volcadas
--

--
-- AUTO_INCREMENT de la tabla `alquiler`
--
ALTER TABLE `alquiler`
  MODIFY `id` int(11) NOT NULL AUTO_INCREMENT, AUTO_INCREMENT=3;

--
-- AUTO_INCREMENT de la tabla `clientes`
--
ALTER TABLE `clientes`
  MODIFY `id` int(11) NOT NULL AUTO_INCREMENT, AUTO_INCREMENT=7;

--
-- AUTO_INCREMENT de la tabla `configuracion`
--
ALTER TABLE `configuracion`
  MODIFY `id` int(11) NOT NULL AUTO_INCREMENT, AUTO_INCREMENT=2;

--
-- AUTO_INCREMENT de la tabla `documentos`
--
ALTER TABLE `documentos`
  MODIFY `id` int(11) NOT NULL AUTO_INCREMENT, AUTO_INCREMENT=3;

--
-- AUTO_INCREMENT de la tabla `marcas`
--
ALTER TABLE `marcas`
  MODIFY `id` int(11) NOT NULL AUTO_INCREMENT, AUTO_INCREMENT=9;

--
-- AUTO_INCREMENT de la tabla `moneda`
--
ALTER TABLE `moneda`
  MODIFY `id` int(11) NOT NULL AUTO_INCREMENT, AUTO_INCREMENT=2;

--
-- AUTO_INCREMENT de la tabla `tipos`
--
ALTER TABLE `tipos`
  MODIFY `id` int(11) NOT NULL AUTO_INCREMENT, AUTO_INCREMENT=8;

--
-- AUTO_INCREMENT de la tabla `usuarios`
--
ALTER TABLE `usuarios`
  MODIFY `id` int(11) NOT NULL AUTO_INCREMENT, AUTO_INCREMENT=4;

--
-- AUTO_INCREMENT de la tabla `vehiculos`
--
ALTER TABLE `vehiculos`
  MODIFY `id` int(11) NOT NULL AUTO_INCREMENT, AUTO_INCREMENT=4;

--
-- Restricciones para tablas volcadas
--

--
-- Filtros para la tabla `alquiler`
--
ALTER TABLE `alquiler`
  ADD CONSTRAINT `alquiler_ibfk_1` FOREIGN KEY (`id_vehiculo`) REFERENCES `vehiculos` (`id`) ON DELETE CASCADE ON UPDATE CASCADE,
  ADD CONSTRAINT `alquiler_ibfk_2` FOREIGN KEY (`id_cliente`) REFERENCES `clientes` (`id`) ON DELETE CASCADE ON UPDATE CASCADE,
  ADD CONSTRAINT `alquiler_ibfk_3` FOREIGN KEY (`id_doc`) REFERENCES `documentos` (`id`) ON DELETE CASCADE ON UPDATE CASCADE;

--
-- Filtros para la tabla `configuracion`
--
ALTER TABLE `configuracion`
  ADD CONSTRAINT `configuracion_ibfk_1` FOREIGN KEY (`moneda`) REFERENCES `moneda` (`id`) ON DELETE CASCADE ON UPDATE CASCADE;

--
-- Filtros para la tabla `vehiculos`
--
ALTER TABLE `vehiculos`
  ADD CONSTRAINT `vehiculos_ibfk_1` FOREIGN KEY (`id_tipo`) REFERENCES `tipos` (`id`) ON DELETE CASCADE ON UPDATE CASCADE,
  ADD CONSTRAINT `vehiculos_ibfk_2` FOREIGN KEY (`id_marca`) REFERENCES `marcas` (`id`) ON DELETE CASCADE ON UPDATE CASCADE;
COMMIT;

/*!40101 SET CHARACTER_SET_CLIENT=@OLD_CHARACTER_SET_CLIENT */;
/*!40101 SET CHARACTER_SET_RESULTS=@OLD_CHARACTER_SET_RESULTS */;
/*!40101 SET COLLATION_CONNECTION=@OLD_COLLATION_CONNECTION */;
